current_status,Discovered,Exploitable,Fixed,Verified
Discovered,0.10563090834360872,0.09494451294697903,0.0427455815865187,0.7566789971228935
Exploitable,0.019890795631825272,0.500390015600624,0.3829953198127925,0.0967238689547582
Fixed,0.011231448054552748,0.01764941837144003,0.9494584837545126,0.021660649819494584
Verified,0.042629482071713146,0.698406374501992,0.100398406374502,0.15856573705179283
